Top pages,Clicks,Impressions,CTR,Position
https://baresquare.com/blog/keep-your-data-local-using-ollama-and-anythingllm-for-private-ai-interactions,336,53138,0.63%,7.26
https://baresquare.com/,198,1838,10.77%,3.33
https://baresquare.com/blog/decoding-time-series-an-in-depth-look-at-definitions-types-and-challenges,60,13958,0.43%,7.7
https://baresquare.com/blog/openai-assistants-vs-custom-gpts,51,15669,0.33%,8.9
https://baresquare.com/blog/enhancing-privacy-in-ai-protecting-user-data-in-chatgpt,50,4132,1.21%,7.98
https://baresquare.com/blog/how-to-create-images-with-chatgpt,34,13706,0.25%,5.92
https://baresquare.com/blog/openapi-specification,29,2595,1.12%,10.89
https://baresquare.com/career,26,897,2.9%,2.87
https://baresquare.com/blog/a-beginners-guide-to-web-crawlers-and-scrapers,22,16591,0.13%,28.93
https://www.baresquare.com/,15,700,2.14%,8.08
https://baresquare.com/blog/ultimate-guide-how-to-spot-bot-traffic,13,6736,0.19%,27.84
https://baresquare.com/blog/build-a-custom-seo-crawler-with-advertools,13,4029,0.32%,41.28
https://baresquare.com/blog/mastering-merchandising-evars-analytics-guide,12,3390,0.35%,9.46
https://baresquare.com/blog/power-of-looker-studio-why-you-need-to-make-the-switch-from-excel,11,1641,0.67%,34.06
https://baresquare.com/blog/cookie-consent-models-understanding-the-pros-and-cons-for-your-website,9,1230,0.73%,17.12
https://baresquare.com/contact,8,1013,0.79%,5.76
https://baresquare.com/blog/query-function-google-sheets-streamline-data-analysis,7,6665,0.11%,28.41
https://baresquare.com/apps/404-error-hound,6,314,1.91%,5.25
https://baresquare.com/blog/common-mistakes-in-adobe-analysis-workspace,5,2024,0.25%,37.21
https://baresquare.com/blog/404-error-hound-hunting-down-fixing-website-errors-with-ai-power,5,573,0.87%,5.6
https://baresquare.com/blog/use-openai-chatgpt-with-python,4,4340,0.09%,14.53
https://baresquare.com/blog/the-ultimate-metric-for-bot-traffic-detection,4,1796,0.22%,20.68
https://baresquare.com/blog/one-team-one-vision-how-effective-communication-can-eliminate-organizational-silos,4,1106,0.36%,23.53
https://baresquare.com/blog/master-business-english-with-the-help-of-ai,4,725,0.55%,4.41
https://baresquare.com/blog/using-claude-ai-to-build-online-game-digital-analytics,4,620,0.65%,8.32
https://baresquare.com/blog/effective-communication-in-web-analytics-projects,4,257,1.56%,19.78
https://baresquare.com/blog/spot-broken-digital-campaigns-tracking-with-google-and-adobe-analytics,3,2701,0.11%,37.31
https://baresquare.com/blog/mastering-web-scraping-with-puppeteer-a-comprehensive-tutorial,3,2377,0.13%,25.52
https://baresquare.com/blog/power-and-pitfalls-of-gen-ai-assistants-in-coding,3,1003,0.3%,20.73
https://baresquare.com/platform,3,720,0.42%,2.48
https://baresquare.com/apps/ga4-migration-gap-hunter,3,255,1.18%,22.39
https://baresquare.com/blog/ga4-ecommerce-best-practices-2024,3,241,1.24%,11.44
https://baresquare.com/blog/organic-traffic-why-it-is-important-how-to-generate-it-and-reasons-behind-a-drop,2,4802,0.04%,63.74
https://baresquare.com/blog/guide-for-fine-tuning-a-gpt-3-model-for-analytics,2,3995,0.05%,18.41
https://baresquare.com/blog/real-time-personalization-adobe-target-guide,2,3592,0.06%,40.42
https://baresquare.com/blog/ethics-in-ai,2,1442,0.14%,27.73
https://baresquare.com/blog/best-practices-on-digital-marketing-and-analytics-integration,2,572,0.35%,20.9
https://baresquare.com/cookie-policy,2,504,0.4%,8.69
https://baresquare.com/blog/can-large-language-models-supercharge-time-series-analysis-in-digital-marketing-and-ecommerce,2,392,0.51%,13.58
https://baresquare.com/blog/fix-the-html-errors-of-your-website-it-matters,2,341,0.59%,32.77
https://baresquare.com/blog/supercharge-tagging-productivity-chatgpt,2,205,0.98%,7.7
https://baresquare.com/blog/ga4-bigquery-integration-for-unsampled-data-and-deeper-insights,1,683,0.15%,54.71
https://baresquare.com/blog/effective-data-storytelling-unleashing-insights-for-informed-decision-making,1,523,0.19%,8.49
https://baresquare.com/solutions/product-owners,1,480,0.21%,2.09
https://baresquare.com/blog/importance-of-human-expertise-in-ai,1,290,0.34%,12.51
https://baresquare.com/customer-stories/how-sony-overcame-campaign-challenges-with-baresquare,1,253,0.4%,7.19
https://baresquare.com/blog/introducing-ecom-product-analyst-custom-gpt,1,190,0.53%,7.38
https://baresquare.com/blog/merchandising-wiz-bites-2-apparel-and-pop-culture-leaders-stitched-up-2024,1,142,0.7%,6.87
https://baresquare.com/blog/google-analytics-alerts-and-baresquare,1,139,0.72%,49.19
https://baresquare.com/blog,1,106,0.94%,4.82
https://baresquare.com/solutions/analytics-leaders,1,104,0.96%,6.02
https://baresquare.com/blog/how-siemens-gained-30-improvement-in-efficiency,1,62,1.61%,5
https://baresquare.com/customer-stories,1,39,2.56%,4.97
https://baresquare.com/blog/ai-and-content-optimization-revolutionizing-ad-copy,0,3714,0%,45.75
https://baresquare.com/blog/gpts-one-step-closer-to-wider-ai-utilization,0,1485,0%,13.33
https://baresquare.com/blog/the-power-of-ai-in-personalized-marketing,0,1419,0%,57.04
https://baresquare.com/blog/revolutionize-analytics-ai-guide-building-digital-assistant-openai-api,0,1302,0%,13.84
https://baresquare.com/blog/google-looker-studio-best-practices-for-reports,0,1205,0%,30.71
https://baresquare.com/blog/google-analytics-ga4-ua-discrepancies,0,1193,0%,27.5
https://baresquare.com/blog/optimize-slack-efficiency-essential-apps,0,739,0%,54.56
https://baresquare.com/blog/unleashing-the-power-of-baresquare-campaign-diagnostics-for-optimal-marketing-success,0,738,0%,29.35
https://baresquare.com/blog/how-saas-tools-contributed-to-the-evolution-of-data-analytics,0,528,0%,48.5
https://baresquare.com/blog/marketing-wiz-bites-01-black-friday-and-the-holiday-sprint,0,281,0%,16.2
https://baresquare.com/blog/how-to-prepare-for-a-job-interview-with-ai,0,278,0%,43.75
https://baresquare.com/blog/day-in-the-life-of-a-digital-analyst-at-baresquare,0,260,0%,23.76
https://baresquare.com/blog/unlocking-the-black-box-the-power-of-explainable-ai-for-transparent-ai-systems,0,214,0%,12.24
https://baresquare.com/solutions/revenue-leaders,0,210,0%,5.96
https://baresquare.com/blog/merchandising-wiz-bites-6-premium-athleisure-marketing-2025-reality-analysis,0,128,0%,7.2
https://baresquare.com/apps,0,124,0%,2.43
https://baresquare.com/demo,0,112,0%,6.32
https://baresquare.com/blog/merchandising-wiz-bites-7-home-furnishing-trends-spring-2025,0,107,0%,7.98
https://baresquare.com/blog/ai-prompting,0,106,0%,7.85
https://baresquare.com/solutions/performance-marketers,0,96,0%,5.47
https://baresquare.com/blog/baresquare-auth0-secure-easy-user-authentication,0,84,0%,36.96
https://baresquare.com/old-platform,0,78,0%,6.46
https://baresquare.com/blog/work-life-balance-tips-for-data-analysts,0,72,0%,9.76
https://baresquare.com/apps/customer-acquisition-business,0,69,0%,3.75
https://baresquare.com/apps/customer-acquisition-basic,0,69,0%,6
https://baresquare.com/blog/alerts-monitoring-a-quick-case-study,0,68,0%,9.54
https://baresquare.com/blog/chat-and-website-data-unlocking-deeper-insights-for-business-success,0,53,0%,12.15
https://baresquare.com/blog/announcing-ga4-migration-gap-hunter-app,0,51,0%,7
https://baresquare.com/blog/digital-analytics-in-the-age-of-ai,0,42,0%,17.83
https://baresquare.com/blog/boost-google-analytics-baresquare,0,42,0%,48.62
https://baresquare.com/blog/introducing-visual-description-feature,0,35,0%,6.29
https://baresquare.com/old-home,0,31,0%,9.26
https://baresquare.com/blog/boost-your-e-commerce-conversion-rates-with-custom-cta-monitoring-for-product-pages,0,31,0%,19.1
https://baresquare.com/blog/merchandising-wiz-bites-retailers-smart-split-clearing-winter-while-promoting-spring,0,30,0%,20.67
https://baresquare.com/privacy-policy,0,29,0%,5.55
https://baresquare.com/blog/dive-deeper-with-a-follow-up-analysis,0,28,0%,6.5
https://baresquare.com/blog/introducing-new-zapier-actions-for-effortless-ticket-management,0,25,0%,8.84
https://dadevaluations.baresquare.com/,0,23,0%,2
https://baresquare.com/blog/merchandising-wiz-bites-3-unwinding-the-holiday-strategies-of-timepiece-giants,0,20,0%,10.7
https://baresquare.com/blog/a-tale-of-2-digital-analysts,0,20,0%,11.05
https://baresquare.com/terms-of-service,0,19,0%,4.84
https://baresquare.com/blog/introducing-our-new-feature-share-a-baresquare-ticket-on-slack,0,15,0%,13.47
https://baresquare.com/blog/tedx-talk-how-to-avoid-the-rise-of-inequality-in-our-ai-future,0,15,0%,28.2
https://baresquare.com/blog/create-jira-issues-for-new-baresquare-tickets,0,15,0%,31.93
https://baresquare.com/blog?11438b9b_page=2&2c140bad_page=3&b521eda8_page=9&b6b39dc1_page=2,0,14,0%,6.07
https://baresquare.com/blog/bi-tools-and-teams-that-leverage-ai-will-replace-those-that-do-not,0,14,0%,13
https://baresquare.com/hire-tywin,0,11,0%,6.55
https://baresquare.com/blog/automate-actions-using-zapier,0,11,0%,15.09
https://baresquare.com/blog?11438b9b_page=2&2ef3851c_page=3&ab4a3cc0_page=2&b6b39dc1_page=3&da29e559_page=4,0,9,0%,4.78
https://baresquare.com/blog?2ef3851c_page=3&ab4a3cc0_page=3&b521eda8_page=4&b6b39dc1_page=3&da29e559_page=8,0,8,0%,6.25
https://baresquare.com/blog/the-problem-with-dashboards,0,8,0%,10.88
https://baresquare.com/blog?11438b9b_page=2&2c140bad_page=5&78ad9672_page=2&da29e559_page=3,0,6,0%,3.83
https://baresquare.com/blog?2ef3851c_page=3&ab4a3cc0_page=3&b521eda8_page=4&b6b39dc1_page=3&da29e559_page=2,0,6,0%,6.33
https://baresquare.com/blog?11438b9b_page=2&2c140bad_page=4&b521eda8_page=4&b6b39dc1_page=3&da29e559_page=5&fb459588_page=2,0,4,0%,4.75
https://baresquare.com/blog?11438b9b_page=2&2c140bad_page=5&da29e559_page=2&fb459588_page=2,0,3,0%,6.67
https://dadevaluations.baresquare.com/evaluation-test/,0,3,0%,7.33
https://dadevaluations.baresquare.com/services/,0,3,0%,9
https://dadevaluations.baresquare.com/about-2/,0,3,0%,12.33
https://baresquare.com/blog?11438b9b_page=2&2ef3851c_page=3&b521eda8_page=2,0,2,0%,2
https://baresquare.com/blog?11438b9b_page=2&2c140bad_page=2&ab4a3cc0_page=2&da29e559_page=2,0,2,0%,3
https://baresquare.com/blog?11438b9b_page=2&2c140bad_page=2&2ef3851c_page=3&b521eda8_page=9&b6b39dc1_page=3,0,2,0%,4.5
https://baresquare.com/blog?2c140bad_page=2&ab4a3cc0_page=3&b521eda8_page=4&b6b39dc1_page=2&da29e559_page=2,0,2,0%,7.5
https://baresquare.com/blog?11438b9b_page=2&2c140bad_page=2&ab4a3cc0_page=2&b521eda8_page=4&b6b39dc1_page=3,0,2,0%,8.5
https://baresquare.com/blog?11438b9b_page=2&2c140bad_page=2&78ad9672_page=2&b521eda8_page=9&b6b39dc1_page=3,0,2,0%,10
https://dadevaluations.baresquare.com/contact-2/,0,2,0%,127
https://baresquare.com/blog?2ef3851c_page=2&78ad9672_page=2&da29e559_page=4,0,1,0%,1
https://baresquare.com/blog?11438b9b_page=2&2ef3851c_page=3&ab4a3cc0_page=2&b6b39dc1_page=3&da29e559_page=7,0,1,0%,2
https://baresquare.com/blog?11438b9b_page=2&2ef3851c_page=3&78ad9672_page=3&ab4a3cc0_page=2&b6b39dc1_page=3,0,1,0%,3
https://baresquare.com/blog?11438b9b_page=2&2ef3851c_page=2&78ad9672_page=3&b521eda8_page=3&da29e559_page=8,0,1,0%,4
https://baresquare.com/blog?11438b9b_page=2&2ef3851c_page=2&b521eda8_page=3&da29e559_page=2&fb459588_page=2,0,1,0%,4
https://baresquare.com/blog?11438b9b_page=2&2c140bad_page=4&78ad9672_page=3&b6b39dc1_page=2&da29e559_page=5&fb459588_page=2,0,1,0%,5
https://baresquare.com/blog?11438b9b_page=2&2c140bad_page=5&78ad9672_page=3&da29e559_page=8,0,1,0%,5
https://baresquare.com/blog?11438b9b_page=2&2c140bad_page=5&78ad9672_page=3&da29e559_page=6,0,1,0%,7
https://baresquare.com/blog?11438b9b_page=2&2c140bad_page=2&2ef3851c_page=3&ab4a3cc0_page=2&b521eda8_page=4&b6b39dc1_page=3,0,1,0%,9
https://baresquare.com/blog?11438b9b_page=2&2ef3851c_page=2&ab4a3cc0_page=2&b6b39dc1_page=3&da29e559_page=7,0,1,0%,9
https://baresquare.com/blog?2ef3851c_page=2&ab4a3cc0_page=3&da29e559_page=2,0,1,0%,9
https://baresquare.com/blog?11438b9b_page=2&2c140bad_page=2&b521eda8_page=7&b6b39dc1_page=3&da29e559_page=7,0,1,0%,10
https://dadevaluations.baresquare.com/author/petros/,0,1,0%,24
https://dadevaluations.baresquare.com/sample-page/,0,1,0%,25
https://dadevaluations.baresquare.com/category/design/,0,1,0%,26
https://dadevaluations.baresquare.com/my-blog-page/,0,1,0%,32
https://dadevaluations.baresquare.com/15-tips-for-startup-success/,0,1,0%,45
https://dadevaluations.baresquare.com/make-your-website-stand-out/,0,1,0%,48
https://baresquare.com/blog?11438b9b_page=2&2ef3851c_page=3&b521eda8_page=8&b6b39dc1_page=2&fb459588_page=2,0,1,0%,95
https://dadevaluations.baresquare.com/how-to-start-a-design-business/?gtm=GTM-XXXXXXX,0,1,0%,100
https://dadevaluations.baresquare.com/7-rules-about-seo-meant-to-be-broken/?gtm=GTM-XXXXXXX,0,1,0%,111